first_name,last_name,email
Percival,Aldwich,paldwich0@ehow.com
Courtnay,Kalberer,ckalberer1@webs.com
Kasper,Chant,kchant2@phpbb.com
Rosaline,Vearncombe,rvearncombe3@creativecommons.org
Helene,Sivier,hsivier4@ted.com
Brunhilde,Alenin,balenin5@newyorker.com
Inness,Triggle,itriggle6@globo.com
Weidar,Paroni,wparoni7@lulu.com
Kalle,Henrych,khenrych8@sciencedaily.com
Candida,Arpin,carpin9@storify.com
Laurie,Turbill,lturbilla@reverbnation.com
Austine,Capelow,acapelowb@utexas.edu
Ash,Sciacovelli,asciacovellic@hud.gov
Tim,Sears,tsearsd@booking.com
Stace,Hitchens,shitchense@tinyurl.com
Debi,Craigmyle,dcraigmylef@sphinn.com
Cy,Bencher,cbencherg@msn.com
Kermy,O'Carmody,kocarmodyh@google.co.jp
Melisenda,Handover,mhandoveri@last.fm
Dolf,Quin,dquinj@prnewswire.com
Mariann,Petticrew,mpetticrewk@xing.com
Che,Bompas,cbompasl@com.com
Angil,Mellers,amellersm@boston.com
Kathe,Edlyn,kedlynn@bbb.org
Derrick,Chapiro,dchapiroo@psu.edu
Freddy,Millhouse,fmillhousep@pen.io
Sully,Turban,sturbanq@chicagotribune.com
Rosamund,Wogden,rwogdenr@columbia.edu
Hirsch,Lattey,hlatteys@rakuten.co.jp
Mersey,Chiechio,mchiechiot@google.co.uk
Gayelord,Besnard,gbesnardu@sphinn.com
Jenifer,Mangeney,jmangeneyv@baidu.com
Katine,Clevely,kclevelyw@mlb.com
Maressa,Bangiard,mbangiardx@sbwire.com
Frannie,Scotcher,fscotchery@pen.io
Willey,Harper,wharperz@pcworld.com
Obed,Coathup,ocoathup10@ning.com
Cindie,Grubey,cgrubey11@domainmarket.com
Vivia,Roxburgh,vroxburgh12@tmall.com
Lyndel,Abeles,labeles13@etsy.com
Homerus,Brickdale,hbrickdale14@hostgator.com
Gael,Lippard,glippard15@cafepress.com
Frankie,Amorts,famorts16@acquirethisname.com
Enrique,Durran,edurran17@ifeng.com
Syd,Esp,sesp18@dailymotion.com
Fedora,Bendelow,fbendelow19@cnbc.com
Briano,Doret,bdoret1a@prweb.com
Symon,Mulford,smulford1b@opensource.org
Martin,Millbank,mmillbank1c@yelp.com
Cobb,Yegorshin,cyegorshin1d@google.pl
Griz,Kuhn,gkuhn1e@g.co
Byrom,Fealey,bfealey1f@nih.gov
Delcina,Barensen,dbarensen1g@freewebs.com
Etheline,Reddy,ereddy1h@apache.org
Westbrooke,Camps,wcamps1i@google.com.hk
Marys,Hawson,mhawson1j@seesaa.net
Jodie,Silvers,jsilvers1k@japanpost.jp
Clywd,Magauran,cmagauran1l@google.com.hk
Patton,Fortye,pfortye1m@is.gd
Delphinia,Pickersgill,dpickersgill1n@discovery.com
Delinda,Senner,dsenner1o@who.int
Annemarie,Francis,afrancis1p@economist.com
Merle,Taudevin,mtaudevin1q@fda.gov
Casper,Farney,cfarney1r@blog.com
Verla,Kinsella,vkinsella1s@google.fr
Jephthah,Espina,jespina1t@scientificamerican.com
Lowell,Sicily,lsicily1u@ucoz.ru
Layney,Sparshutt,lsparshutt1v@bloglines.com
Emmet,Dunn,edunn1w@apple.com
Marlie,McIlmorow,mmcilmorow1x@ow.ly
Kellie,Brunke,kbrunke1y@sina.com.cn
Jane,Savage,jsavage1z@free.fr
Lezlie,Penburton,lpenburton20@tmall.com
Quillan,Reimer,qreimer21@youku.com
Laurent,Blowen,lblowen22@youtu.be
Garnette,Tidbold,gtidbold23@economist.com
Lyndell,Inge,linge24@shop-pro.jp
Gianna,Judd,gjudd25@samsung.com
Kingston,Doiley,kdoiley26@sohu.com
Gaelan,Haydock,ghaydock27@tuttocitta.it
Phaedra,Klosges,pklosges28@etsy.com
Gran,Assel,gassel29@go.com
Bea,Attenborrow,battenborrow2a@ihg.com
Sabina,Whorall,swhorall2b@oaic.gov.au
Immanuel,Donovin,idonovin2c@homestead.com
Pedro,McCormick,pmccormick2d@pen.io
Sibel,Drew-Clifton,sdrewclifton2e@salon.com
Bronnie,Flowerden,bflowerden2f@yahoo.co.jp
Gilda,Enbury,genbury2g@tinyurl.com
Camile,Farmiloe,cfarmiloe2h@eepurl.com
Pen,Grason,pgrason2i@jiathis.com
Bess,Timms,btimms2j@loc.gov
Ruben,Lackinton,rlackinton2k@github.io
Lilith,McCoid,lmccoid2l@dropbox.com
Allister,Pawelczyk,apawelczyk2m@zdnet.com
Barbabra,Wakenshaw,bwakenshaw2n@sitemeter.com
Charlean,Sandercock,csandercock2o@storify.com
Jacenta,Weitzel,jweitzel2p@networksolutions.com
Irene,Andrus,iandrus2q@thetimes.co.uk
Allx,Boullin,aboullin2r@nih.gov
Leah,Bampford,lbampford2s@utexas.edu
Gustaf,Klammt,gklammt2t@alexa.com
Karlyn,Corlett,kcorlett2u@newyorker.com
Traci,Fullylove,tfullylove2v@networksolutions.com
Ami,Kitchingham,akitchingham2w@cpanel.net
Catharine,Shevlane,cshevlane2x@pinterest.com
Leonanie,Skitch,lskitch2y@cornell.edu
Consolata,Geerits,cgeerits2z@weather.com
Lou,Pulsford,lpulsford30@mediafire.com
Katlin,Davison,kdavison31@soup.io
Dulsea,Whitear,dwhitear32@chicagotribune.com
Suzie,Falco,sfalco33@sfgate.com
Neile,Erskine,nerskine34@technorati.com
Malachi,Bruntje,mbruntje35@weather.com
Calv,O'Kennavain,cokennavain36@narod.ru
Marrissa,Roussell,mroussell37@smh.com.au
Codie,Poppy,cpoppy38@yellowpages.com
Brittany,Schwanden,bschwanden39@irs.gov
Abbe,Livermore,alivermore3a@mashable.com
Martyn,Venmore,mvenmore3b@cnet.com
Trixy,Pressey,tpressey3c@google.fr
Wyatan,Crust,wcrust3d@hubpages.com
Philbert,Rime,prime3e@imageshack.us
Jeno,Jewar,jjewar3f@dell.com
Candide,Drinkale,cdrinkale3g@t.co
Gaynor,Castillon,gcastillon3h@examiner.com
Eran,Rea,erea3i@ebay.co.uk
Justinian,Vautier,jvautier3j@eventbrite.com
Marga,Whyler,mwhyler3k@msn.com
Marita,Uphill,muphill3l@cmu.edu
Brand,Bootes,bbootes3m@vimeo.com
Matthieu,Lednor,mlednor3n@cmu.edu
Hammad,Greenwell,hgreenwell3o@networksolutions.com
Pollyanna,MacKowle,pmackowle3p@about.com
Ford,Tures,ftures3q@amazon.co.uk
Inglis,Cahillane,icahillane3r@trellian.com
Federica,Manley,fmanley3s@tripadvisor.com
Stearne,Esche,sesche3t@ted.com
Anabelle,Becom,abecom3u@e-recht24.de
Carmelina,Skyrme,cskyrme3v@gravatar.com
Caroline,Tanguy,ctanguy3w@wikia.com
Merrily,Euplate,meuplate3x@gravatar.com
Ferdie,Hardingham,fhardingham3y@ox.ac.uk
Ferdinande,Duddle,fduddle3z@photobucket.com
Tressa,Swayne,tswayne40@biglobe.ne.jp
Truda,de la Valette Parisot,tdelavaletteparisot41@wp.com
Vivianne,Cristofvao,vcristofvao42@hao123.com
Hervey,Ferneyhough,hferneyhough43@gizmodo.com
Mason,Pothecary,mpothecary44@1688.com
Janaye,Feeham,jfeeham45@dedecms.com
Darius,Tortice,dtortice46@unc.edu
Roma,Swetland,rswetland47@jiathis.com
Maryjane,Payne,mpayne48@cornell.edu
Elihu,Wisher,ewisher49@cdc.gov
Annabelle,Boultwood,aboultwood4a@ustream.tv
Caesar,Vaadeland,cvaadeland4b@people.com.cn
Jeffy,Briddock,jbriddock4c@myspace.com
Vi,Moscrop,vmoscrop4d@icio.us
Caril,Hirche,chirche4e@upenn.edu
Gilberta,Blunsen,gblunsen4f@springer.com
Matilda,Beecroft,mbeecroft4g@harvard.edu
Dusty,Lumox,dlumox4h@technorati.com
Babbette,McEneny,bmceneny4i@telegraph.co.uk
Baxie,Geerits,bgeerits4j@devhub.com
Garold,Flecknell,gflecknell4k@bluehost.com
Kym,Pesterfield,kpesterfield4l@php.net
Theo,Kidson,tkidson4m@posterous.com
Minni,Boliver,mboliver4n@princeton.edu
Davina,Erskin,derskin4o@wikipedia.org
Stafani,Woollons,swoollons4p@ocn.ne.jp
Major,Bellenger,mbellenger4q@reverbnation.com
Corbie,Alphege,calphege4r@examiner.com
Bevan,Botler,bbotler4s@imageshack.us
Gilemette,Henniger,ghenniger4t@utexas.edu
Elia,Redford,eredford4u@prweb.com
Kienan,Mishow,kmishow4v@rediff.com
Leah,Culp,lculp4w@multiply.com
Morena,Kleinzweig,mkleinzweig4x@ycombinator.com
Niccolo,Fitzroy,nfitzroy4y@businesswire.com
Reese,Mollene,rmollene4z@bloomberg.com
Morton,Easterbrook,measterbrook50@imgur.com
Johnathan,Westlake,jwestlake51@clickbank.net
Neel,Kemwal,nkemwal52@cnbc.com
Mathew,Bartoszewicz,mbartoszewicz53@blogs.com
Raphaela,Fort,rfort54@mtv.com
Harli,Dorrian,hdorrian55@sciencedirect.com
Amery,Barti,abarti56@xing.com
Dorolice,Attenbarrow,dattenbarrow57@ucsd.edu
Marlane,Titterrell,mtitterrell58@hatena.ne.jp
Alvera,MacAllester,amacallester59@bandcamp.com
Dotty,Larchiere,dlarchiere5a@i2i.jp
Jo-ann,Wayvill,jwayvill5b@istockphoto.com
Cirillo,Clubley,cclubley5c@simplemachines.org
Corbett,Vidgeon,cvidgeon5d@nifty.com
Peggy,Jossum,pjossum5e@wordpress.com
Dieter,Flea,dflea5f@gizmodo.com
Virge,Addlestone,vaddlestone5g@digg.com
Whitney,Dowgill,wdowgill5h@google.com.au
Susi,Axtell,saxtell5i@stanford.edu
Venus,Armall,varmall5j@multiply.com
Marshal,Battleson,mbattleson5k@dedecms.com
Bart,Chrestien,bchrestien5l@google.cn
Alleyn,Bothen,abothen5m@mediafire.com
Hyacinthie,Barry,hbarry5n@indiegogo.com
Chicky,Lie,clie5o@cbsnews.com
Becki,Hirtz,bhirtz5p@jugem.jp
Ulrica,Burmingham,uburmingham5q@livejournal.com
Roy,Booty,rbooty5r@amazon.de
Zacharias,MacGorman,zmacgorman5s@weibo.com
Burlie,Jurczak,bjurczak5t@google.ru
Darcee,Swindles,dswindles5u@ftc.gov
Ashli,Tertre,atertre5v@businessinsider.com
Jenifer,Archbald,jarchbald5w@geocities.jp
Jefferey,Cribbin,jcribbin5x@zdnet.com
Gene,Newby,gnewby5y@xrea.com
Debra,McCloy,dmccloy5z@gizmodo.com
Booth,Kosel,bkosel60@naver.com
Marie-ann,Rolling,mrolling61@istockphoto.com
Claiborne,Piaggia,cpiaggia62@sun.com
Nerissa,Clemenza,nclemenza63@hud.gov
Teddy,Stowte,tstowte64@toplist.cz
Herta,Spittall,hspittall65@va.gov
Rosaline,Firmage,rfirmage66@yellowpages.com
Garik,Castleton,gcastleton67@infoseek.co.jp
Malinda,Jackes,mjackes68@rambler.ru
Cornelius,Arnull,carnull69@sun.com
Ninette,Koene,nkoene6a@yelp.com
Nerty,Franzettoini,nfranzettoini6b@opensource.org
Pinchas,Van der Velde,pvandervelde6c@un.org
Cly,Queyos,cqueyos6d@walmart.com
Kermit,Woollacott,kwoollacott6e@columbia.edu
Cherlyn,Doiley,cdoiley6f@redcross.org
Elli,Bardsley,ebardsley6g@businessinsider.com
Jennifer,Pile,jpile6h@walmart.com
Lindy,Bouch,lbouch6i@noaa.gov
Alaine,Ramberg,aramberg6j@umich.edu
Valeda,Lester,vlester6k@rediff.com
Dottie,Ivanichev,divanichev6l@ovh.net
Krista,Maidstone,kmaidstone6m@netscape.com
Aubree,Tremontana,atremontana6n@ocn.ne.jp
Wilone,Lamburn,wlamburn6o@google.ca
Casi,Grimbaldeston,cgrimbaldeston6p@dion.ne.jp
Penny,Jarley,pjarley6q@mayoclinic.com
Bartlet,MacAnespie,bmacanespie6r@ibm.com
Bary,Tomasz,btomasz6s@nih.gov
Hansiain,Tondeur,htondeur6t@usgs.gov
Corrie,Sawnwy,csawnwy6u@cnbc.com
Martha,Roskams,mroskams6v@si.edu
Diana,Woolford,dwoolford6w@un.org
Tracie,Whittet,twhittet6x@noaa.gov
Sigfried,Woolis,swoolis6y@ft.com
Brittan,Scrogges,bscrogges6z@foxnews.com
Darrell,Erricker,derricker70@posterous.com
Tracie,Kunkler,tkunkler71@csmonitor.com
Maddalena,Shrubb,mshrubb72@istockphoto.com
Lennard,More,lmore73@nifty.com
Georgiana,Gribble,ggribble74@themeforest.net
Francine,Juett,fjuett75@imgur.com
Stavros,Dundendale,sdundendale76@disqus.com
Shalom,Davidde,sdavidde77@google.es
Wanda,Berkeley,wberkeley78@cpanel.net
Ty,Handaside,thandaside79@webeden.co.uk
Barbee,Halton,bhalton7a@zimbio.com
Moina,Pizzie,mpizzie7b@exblog.jp
Bailie,Zamora,bzamora7c@amazonaws.com
Homerus,Baulcombe,hbaulcombe7d@sciencedirect.com
Daisie,Baline,dbaline7e@tripod.com
Edward,Robroe,erobroe7f@gmpg.org
Booth,Skarr,bskarr7g@fda.gov
Margaretha,Lukins,mlukins7h@adobe.com
Gherardo,Niblock,gniblock7i@boston.com
Celestyn,Atkinson,catkinson7j@alibaba.com
Muffin,Cornwall,mcornwall7k@edublogs.org
Pierette,Espinos,pespinos7l@craigslist.org
Alisander,Clapp,aclapp7m@globo.com
Dalton,Hirth,dhirth7n@php.net
Margot,Ferraretto,mferraretto7o@illinois.edu
Ricardo,Jekel,rjekel7p@businesswire.com
Larina,Gaskin,lgaskin7q@furl.net
Garret,Aizkovitch,gaizkovitch7r@topsy.com
Vasili,Evetts,vevetts7s@apache.org
Nikki,Dumpleton,ndumpleton7t@topsy.com
Reinald,Cussins,rcussins7u@xrea.com
Leanna,Weldrick,lweldrick7v@disqus.com
Olav,Fairholme,ofairholme7w@google.co.jp
Duffie,Myles,dmyles7x@cocolog-nifty.com
Giles,Kembry,gkembry7y@cbsnews.com
Kellen,Mortel,kmortel7z@epa.gov
Coop,Emson,cemson80@biglobe.ne.jp
Andros,Van der Velde,avandervelde81@blogger.com
Trisha,Boice,tboice82@chron.com
Ardella,Curphey,acurphey83@usatoday.com
Jillane,Kilgallon,jkilgallon84@biglobe.ne.jp
Deonne,Nutton,dnutton85@tripod.com
Barbara-anne,Jerzyk,bjerzyk86@sohu.com
Drusilla,Garstang,dgarstang87@tiny.cc
Colet,Potkins,cpotkins88@jimdo.com
Damara,Hartzogs,dhartzogs89@artisteer.com
Phillis,Eilert,peilert8a@pcworld.com
Trumaine,MacCallion,tmaccallion8b@goodreads.com
Anthea,Alyonov,aalyonov8c@domainmarket.com
Stevana,Holmyard,sholmyard8d@businessinsider.com
Jo,Larmour,jlarmour8e@netscape.com
Leland,Kennelly,lkennelly8f@woothemes.com
Kincaid,Marcos,kmarcos8g@paypal.com
Misha,Croson,mcroson8h@google.nl
Evan,Moralas,emoralas8i@va.gov
Quint,McNickle,qmcnickle8j@tumblr.com
Marie,Van Cassel,mvancassel8k@mapquest.com
Enrique,Saban,esaban8l@godaddy.com
Ninnette,Freda,nfreda8m@dailymotion.com
Charmion,Peak,cpeak8n@tinypic.com
Micheil,Adrain,madrain8o@discuz.net
Ced,MacKettrick,cmackettrick8p@tumblr.com
Cary,Dunne,cdunne8q@tinyurl.com
Papageno,O'Rudden,porudden8r@blogs.com
Padget,Plunket,pplunket8s@ehow.com
Emylee,Wickes,ewickes8t@barnesandnoble.com
Cornie,Bonin,cbonin8u@seattletimes.com
Beret,Peart,bpeart8v@slideshare.net
Jayson,Fendlen,jfendlen8w@creativecommons.org
Irma,Shearsby,ishearsby8x@indiatimes.com
Theodoric,Toombes,ttoombes8y@umn.edu
Cathrin,Scafe,cscafe8z@istockphoto.com
Maurita,Donnersberg,mdonnersberg90@cdc.gov
Isidore,Birdseye,ibirdseye91@sourceforge.net
Dottie,Byne,dbyne92@artisteer.com
Emelita,Cokayne,ecokayne93@aboutads.info
Garv,Pellett,gpellett94@google.fr
Kristi,Linzey,klinzey95@blogtalkradio.com
Haily,Franzini,hfranzini96@mozilla.org
Lilyan,Drissell,ldrissell97@addtoany.com
Shanie,M'Quhan,smquhan98@hhs.gov
Catlaina,Ofen,cofen99@desdev.cn
Enrique,Steel,esteel9a@163.com
Lianne,Stallen,lstallen9b@imgur.com
Erv,Pittock,epittock9c@nba.com
Oby,Keir,okeir9d@google.fr
Lilith,Dozdill,ldozdill9e@altervista.org
Layney,Meynell,lmeynell9f@fotki.com
Demetris,Wallbanks,dwallbanks9g@jimdo.com
Staford,Trigg,strigg9h@google.com.br
Arleta,Mecco,amecco9i@cocolog-nifty.com
Guillaume,Allott,gallott9j@squidoo.com
Halette,Gorgler,hgorgler9k@nsw.gov.au
Erskine,Opdenorth,eopdenorth9l@mail.ru
Susan,Shaw,sshaw9m@nasa.gov
Kristy,Wicks,kwicks9n@unc.edu
Emmie,Benmore,ebenmore9o@nydailynews.com
Miller,Ruddock,mruddock9p@topsy.com
Raf,Tearney,rtearney9q@php.net
Faun,Rigard,frigard9r@constantcontact.com
Melody,Ferronel,mferronel9s@addtoany.com
Karen,Kerss,kkerss9t@xrea.com
Tonia,Slack,tslack9u@fc2.com
Griffie,Bennoe,gbennoe9v@istockphoto.com
Deeann,Zaniolo,dzaniolo9w@webmd.com
Walden,Scotter,wscotter9x@taobao.com
Corey,Jovicevic,cjovicevic9y@techcrunch.com
Marinna,Mcimmie,mmcimmie9z@blinklist.com
Pall,Tomaskov,ptomaskova0@symantec.com
Aldus,Blenkiron,ablenkirona1@360.cn
Shayna,Oldham,soldhama2@oaic.gov.au
Sabrina,Dilger,sdilgera3@cdbaby.com
Rosie,Hagston,rhagstona4@europa.eu
Armand,Oliphand,aoliphanda5@typepad.com
Luke,Perigo,lperigoa6@last.fm
Kimmy,Brunesco,kbrunescoa7@tinypic.com
Hetti,Awin,hawina8@slate.com
Helge,Dannel,hdannela9@yolasite.com
Dukey,Roddell,droddellaa@umich.edu
Dun,Rubinsaft,drubinsaftab@pbs.org
Michal,Berzen,mberzenac@hostgator.com
Bella,Ludy,bludyad@netlog.com
Dayle,Ghidotti,dghidottiae@vk.com
Dorris,Biesty,dbiestyaf@nbcnews.com
Paule,Tromans,ptromansag@google.ru
Valeda,Bonnesen,vbonnesenah@dot.gov
Parry,Hebblewaite,phebblewaiteai@amazon.de
Karole,Borman,kbormanaj@tripod.com
Georgette,Wheelhouse,gwheelhouseak@cmu.edu
Lexie,de Zamora,ldezamoraal@github.com
Matelda,Wretham,mwrethamam@nsw.gov.au
Lanny,Dufton,lduftonan@51.la
Rosalind,Schafer,rschaferao@quantcast.com
Ernie,Maxwell,emaxwellap@yahoo.com
Anabella,Fibben,afibbenaq@sfgate.com
Shell,Lyste,slystear@si.edu
Nicolea,Haistwell,nhaistwellas@cdbaby.com
Elisabet,Bayford,ebayfordat@hexun.com
Sharl,Cumbers,scumbersau@nasa.gov
Marita,Fidoe,mfidoeav@naver.com
Kinsley,Dilon,kdilonaw@nps.gov
Amory,Mumford,amumfordax@instagram.com
Kele,Dickin,kdickinay@dedecms.com
Elonore,Nangle,enangleaz@statcounter.com
Rosco,Lippi,rlippib0@mysql.com
Eugenio,Ratnage,eratnageb1@360.cn
Bride,Delleschi,bdelleschib2@1und1.de
Johann,Coltart,jcoltartb3@com.com
Delmer,Nuton,dnutonb4@example.com
Carine,Glavis,cglavisb5@uol.com.br
Grantham,Lauxmann,glauxmannb6@google.pl
Keary,Rao,kraob7@google.co.uk
Gisella,Tathacott,gtathacottb8@xing.com
Haroun,Carratt,hcarrattb9@soup.io
Beulah,Mattheus,bmattheusba@thetimes.co.uk
Noemi,Corthes,ncorthesbb@tinypic.com
Angelica,Ruff,aruffbc@sitemeter.com
Juanita,Calderbank,jcalderbankbd@theglobeandmail.com
Sena,Pallatina,spallatinabe@uol.com.br
Nicoli,Pimme,npimmebf@who.int
Karoly,Foyston,kfoystonbg@time.com
Micaela,Quixley,mquixleybh@reference.com
Trenna,Heppenspall,theppenspallbi@ask.com
Melvin,Oaks,moaksbj@geocities.com
Gearalt,Farrans,gfarransbk@ca.gov
Feliza,Onthank,fonthankbl@blogtalkradio.com
Lisabeth,MacGebenay,lmacgebenaybm@php.net
Geri,Perrie,gperriebn@rediff.com
Barrett,Tremblet,btrembletbo@seattletimes.com
Ingamar,Bonsale,ibonsalebp@dailymotion.com
Brynne,Goodswen,bgoodswenbq@furl.net
Hedda,Bussen,hbussenbr@sitemeter.com
Brigid,Curnok,bcurnokbs@nature.com
Cristine,Helsby,chelsbybt@blogs.com
Newton,Robison,nrobisonbu@uol.com.br
Eleonore,O'Brollachain,eobrollachainbv@liveinternet.ru
Kayne,Walbrun,kwalbrunbw@digg.com
Anitra,Di Angelo,adiangelobx@cisco.com
Finn,Schukraft,fschukraftby@nasa.gov
Jeanette,Sainz,jsainzbz@skyrock.com
Bertrando,Carbin,bcarbinc0@fda.gov
Natty,Giannoni,ngiannonic1@phoca.cz
Salvador,Grealish,sgrealishc2@vk.com
Cassandry,Cholmondeley,ccholmondeleyc3@earthlink.net
Nara,Dorken,ndorkenc4@thetimes.co.uk
Itch,Erdes,ierdesc5@phoca.cz
Estevan,Foad,efoadc6@comsenz.com
Port,Whisker,pwhiskerc7@indiatimes.com
Carmelia,Ech,cechc8@e-recht24.de
Loella,McKeaveney,lmckeaveneyc9@skype.com
Della,Losselyong,dlosselyongca@simplemachines.org
Vevay,Patroni,vpatronicb@discovery.com
Trenton,Vondruska,tvondruskacc@nasa.gov
Olivie,Castiello,ocastiellocd@chronoengine.com
Myrna,Brolly,mbrollyce@e-recht24.de
Imojean,Norledge,inorledgecf@nifty.com
Alexei,Negri,anegricg@woothemes.com
Milzie,Beckhurst,mbeckhurstch@studiopress.com
Filbert,Comberbach,fcomberbachci@tripadvisor.com
Clary,Jahnel,cjahnelcj@bandcamp.com
Roderigo,Abendroth,rabendrothck@google.es
Ola,Bleier,obleiercl@reuters.com
Nadeen,Goodhew,ngoodhewcm@a8.net
Sherye,Karolovsky,skarolovskycn@mashable.com
Jaquelin,Danihelka,jdanihelkaco@flickr.com
Pasquale,Burchnall,pburchnallcp@gov.uk
Waneta,Blethyn,wblethyncq@about.me
Jilli,Shortland,jshortlandcr@hibu.com
Vinny,Phillot,vphillotcs@ed.gov
Gradeigh,Ruggen,gruggenct@blogger.com
Jamey,Rollason,jrollasoncu@constantcontact.com
Arly,Drewet,adrewetcv@smugmug.com
Findlay,Orme,formecw@state.gov
Anjanette,Kittredge,akittredgecx@virginia.edu
Virginia,Shearme,vshearmecy@wordpress.org
Greer,Hunn,ghunncz@sakura.ne.jp
Arley,Gair,agaird0@nba.com
Pen,Willisch,pwillischd1@forbes.com
Donnamarie,Ohlsen,dohlsend2@google.com.br
Timmi,Galiford,tgalifordd3@stanford.edu
Kimberli,Kenn,kkennd4@army.mil
Berenice,Egginton,beggintond5@yahoo.com
Abbie,Prewer,aprewerd6@posterous.com
Shelley,Honnan,shonnand7@e-recht24.de
Addie,Saynor,asaynord8@ow.ly
Dareen,Gateley,dgateleyd9@51.la
Ansley,Bockman,abockmanda@cyberchimps.com
Miquela,Locksley,mlocksleydb@washingtonpost.com
Arabel,Reddy,areddydc@mayoclinic.com
Lorri,Scrymgeour,lscrymgeourdd@1688.com
Tillie,Tulk,ttulkde@alexa.com
Rheba,Fitchett,rfitchettdf@msn.com
Halie,Slemming,hslemmingdg@businessweek.com
Giles,Codman,gcodmandh@google.fr
Anabella,Sommerton,asommertondi@cbsnews.com
Dario,Coode,dcoodedj@ask.com
Justen,Giraudy,jgiraudydk@purevolume.com
Alikee,Neighbour,aneighbourdl@icio.us
Hanson,Dominguez,hdominguezdm@weibo.com
Mason,Curwen,mcurwendn@engadget.com
Margalo,Geoghegan,mgeoghegando@soundcloud.com
Katey,Heindl,kheindldp@go.com
Elwira,Cottom,ecottomdq@ning.com
Dyanne,Wathen,dwathendr@dagondesign.com
Yolane,Spottiswoode,yspottiswoodeds@wiley.com
Arnaldo,Inett,ainettdt@ebay.co.uk
Franny,Lent,flentdu@google.fr
Ferdinande,Etty,fettydv@1und1.de
Raff,Brooke,rbrookedw@europa.eu
Carina,Falconer-Taylor,cfalconertaylordx@mail.ru
Hetti,Saunder,hsaunderdy@princeton.edu
Alika,Nunan,anunandz@shop-pro.jp
Dorelle,Waddingham,dwaddinghame0@soundcloud.com
Matthaeus,Henstone,mhenstonee1@sphinn.com
Chelsie,Barbosa,cbarbosae2@ebay.com
Fairlie,Broomhead,fbroomheade3@google.com
Tarah,Guillerman,tguillermane4@themeforest.net
Rosie,Barajas,rbarajase5@merriam-webster.com
Benjamen,Rose,brosee6@quantcast.com
Stacie,Killshaw,skillshawe7@ucla.edu
Fonz,Falvey,ffalveye8@qq.com
Port,Beaman,pbeamane9@tripadvisor.com
Leigh,Solway,lsolwayea@vinaora.com
Mel,Klemps,mklempseb@prlog.org
Carol,Stannis,cstannisec@globo.com
Emerson,Punt,epunted@sakura.ne.jp
Violante,Alsobrook,valsobrookee@oaic.gov.au
Mabel,Monkeman,mmonkemanef@goo.ne.jp
Erinn,Van Dijk,evandijkeg@zdnet.com
Al,Innett,ainnetteh@springer.com
Joanie,Cleare,jcleareei@stanford.edu
Dianemarie,Twigge,dtwiggeej@nydailynews.com
Englebert,Rilton,eriltonek@cdbaby.com
Micaela,McLice,mmcliceel@alibaba.com
Kit,Ovell,kovellem@ucsd.edu
Dulcia,Suttill,dsuttillen@nsw.gov.au
Cullen,Stather,cstathereo@cocolog-nifty.com
Maddy,Fandrey,mfandreyep@paypal.com
Diahann,Allett,dalletteq@google.fr
Cori,Nodes,cnodeser@wisc.edu
Herminia,Baggelley,hbaggelleyes@ezinearticles.com
Trace,Botha,tbothaet@sakura.ne.jp
Kele,Sunshine,ksunshineeu@gnu.org
Tandy,Gronav,tgronavev@imageshack.us
Ted,Titcom,ttitcomew@ucla.edu
Daven,Burditt,dburdittex@amazon.de
Berke,Hollyland,bhollylandey@dailymotion.com
Agatha,Turfes,aturfesez@51.la
Aveline,Wanka,awankaf0@tinyurl.com
Alessandro,Falla,afallaf1@forbes.com
Talya,Hancock,thancockf2@discovery.com
Robbi,Scruton,rscrutonf3@ftc.gov
Bennie,Jahncke,bjahnckef4@bbb.org
Eleanor,Ploughwright,eploughwrightf5@huffingtonpost.com
Letizia,Rolph,lrolphf6@spiegel.de
Rickard,Dollimore,rdollimoref7@weebly.com
Dayle,Bremley,dbremleyf8@springer.com
Noni,Hurdidge,nhurdidgef9@vistaprint.com
Reinaldos,Fulkes,rfulkesfa@vinaora.com
Fannie,Jochanany,fjochananyfb@google.nl
Koralle,Lake,klakefc@tumblr.com
Ella,Cases,ecasesfd@last.fm
Renie,Shord,rshordfe@digg.com
Netti,Yirrell,nyirrellff@house.gov
Tyrus,Sutton,tsuttonfg@washington.edu
Wylie,Pinkerton,wpinkertonfh@eventbrite.com
Livvy,Townes,ltownesfi@typepad.com
Barbee,Barabisch,bbarabischfj@chicagotribune.com
Aveline,McIndoe,amcindoefk@paypal.com
Afton,Lambol,alambolfl@twitpic.com
Edd,Ainger,eaingerfm@mail.ru
Hayward,Tomet,htometfn@quantcast.com
Lorianne,Gouldstraw,lgouldstrawfo@nba.com
Marga,Pickthorne,mpickthornefp@geocities.jp
Dante,Packman,dpackmanfq@stumbleupon.com
Barbey,Bemwell,bbemwellfr@noaa.gov
Stanleigh,Skurray,sskurrayfs@addtoany.com
Lyn,Woltman,lwoltmanft@fotki.com
Margarethe,Ifill,mifillfu@wiley.com
Dot,Prendeville,dprendevillefv@istockphoto.com
Briggs,Davidovici,bdavidovicifw@usatoday.com
Meggie,Willis,mwillisfx@blog.com
Terza,Sawl,tsawlfy@discuz.net
Ryon,Minshall,rminshallfz@columbia.edu
Nadine,Pinkett,npinkettg0@privacy.gov.au
Sandra,Rome,sromeg1@webmd.com
Andonis,Titmarsh,atitmarshg2@livejournal.com
Midge,Bonhome,mbonhomeg3@ovh.net
Briana,Tankard,btankardg4@blogs.com
Alta,Cheng,achengg5@geocities.com
Dev,Wrout,dwroutg6@desdev.cn
Selma,Teaz,steazg7@miibeian.gov.cn
Helga,Monks,hmonksg8@chronoengine.com
Gal,Burgiss,gburgissg9@webs.com
Vale,Christene,vchristenega@phoca.cz
Chaunce,Kleinhandler,ckleinhandlergb@nps.gov
Elisabeth,Woosnam,ewoosnamgc@jimdo.com
Sauncho,Goodread,sgoodreadgd@wordpress.com
Clari,Antony,cantonyge@apple.com
Kare,Mayell,kmayellgf@telegraph.co.uk
Welsh,Russon,wrussongg@etsy.com
Linell,Bartels,lbartelsgh@issuu.com
Rhetta,Goodship,rgoodshipgi@smugmug.com
Mac,Gillmore,mgillmoregj@tmall.com
Jermayne,Gerding,jgerdinggk@bizjournals.com
Brittaney,Guiel,bguielgl@lulu.com
Zacharie,Smythe,zsmythegm@google.ca
Fanechka,Presshaugh,fpresshaughgn@livejournal.com
Benetta,Edgerley,bedgerleygo@google.co.uk
Dorise,Jiggens,djiggensgp@google.cn
Even,Corrao,ecorraogq@wsj.com
Fancy,Sconce,fsconcegr@hatena.ne.jp
Reinhard,Fossett,rfossettgs@wufoo.com
Heda,Rymill,hrymillgt@taobao.com
Pier,Camplin,pcamplingu@state.tx.us
Delcine,Damant,ddamantgv@shareasale.com
Julia,Saffer,jsaffergw@nsw.gov.au
Clement,Ruttgers,cruttgersgx@paypal.com
Brenna,Matthesius,bmatthesiusgy@sphinn.com
Cletis,Cheson,cchesongz@desdev.cn
Ossie,Lumpkin,olumpkinh0@wordpress.com
Giulia,Cadell,gcadellh1@exblog.jp
Alano,Erley,aerleyh2@microsoft.com
Gardy,Lias,gliash3@wiley.com
Halsy,Terney,hterneyh4@icio.us
Katy,Issacson,kissacsonh5@newyorker.com
Faber,Pomphrett,fpomphretth6@nytimes.com
Jeramey,Scolding,jscoldingh7@ucsd.edu
Ellette,Lambillion,elambillionh8@sciencedirect.com
Guilbert,Kloisner,gkloisnerh9@list-manage.com
Currie,Fronks,cfronksha@auda.org.au
Morissa,Scates,mscateshb@flavors.me
Thelma,Lafoy,tlafoyhc@latimes.com
Phillida,Bartlomiejczyk,pbartlomiejczykhd@illinois.edu
Lacie,Snowman,lsnowmanhe@ucla.edu
Tomasina,Parade,tparadehf@google.pl
Tito,Spinola,tspinolahg@livejournal.com
Karlotta,Dicey,kdiceyhh@hubpages.com
Alexine,Manhare,amanharehi@ask.com
Tim,Burker,tburkerhj@telegraph.co.uk
Ole,Jeandon,ojeandonhk@ted.com
Lanie,Sawtell,lsawtellhl@gmpg.org
Edeline,Crowdy,ecrowdyhm@sohu.com
Stevena,Parlour,sparlourhn@ow.ly
Patin,Clarage,pclarageho@dmoz.org
Aharon,Schankelborg,aschankelborghp@slideshare.net
Gale,Aust,gausthq@google.co.uk
Pinchas,Rodear,prodearhr@gmpg.org
Siward,Kubala,skubalahs@trellian.com
Kirby,Swiffan,kswiffanht@usa.gov
Marlie,Appleton,mappletonhu@state.tx.us
Creighton,Blagburn,cblagburnhv@patch.com
Atlanta,O' Donohoe,aodonohoehw@skype.com
Thane,Kobisch,tkobischhx@rambler.ru
Arnoldo,Nabbs,anabbshy@deviantart.com
Shawna,Harvison,sharvisonhz@prweb.com
Mehetabel,Neville,mnevillei0@answers.com
Sashenka,Abbotson,sabbotsoni1@meetup.com
Weylin,Fright,wfrighti2@nymag.com
Elmira,Sorbey,esorbeyi3@myspace.com
Mab,Brindle,mbrindlei4@princeton.edu
Valli,Dodshun,vdodshuni5@tinypic.com
Lizzie,Baribal,lbaribali6@cdc.gov
Quent,Hearsey,qhearseyi7@jugem.jp
Bertha,McGilroy,bmcgilroyi8@cisco.com
Stern,Lendrem,slendremi9@dailymail.co.uk
Rica,Bruhke,rbruhkeia@cmu.edu
Aleksandr,Beagan,abeaganib@reuters.com
Fawn,Royl,froylic@simplemachines.org
Alexandre,Lyngsted,alyngstedid@unicef.org
Tonya,Furneaux,tfurneauxie@sakura.ne.jp
Sallie,Bridywater,sbridywaterif@weebly.com
Lucio,Fraser,lfraserig@vk.com
Cassondra,Bawden,cbawdenih@cafepress.com
Daphene,Newcome,dnewcomeii@dedecms.com
Rob,Lorraway,rlorrawayij@networkadvertising.org
Filberte,Arnaez,farnaezik@unc.edu
Daphne,Philson,dphilsonil@cornell.edu
Orazio,Obbard,oobbardim@example.com
Neely,Clarke-Williams,nclarkewilliamsin@quantcast.com
Anne-marie,Hackleton,ahackletonio@ebay.com
Johnna,Cass,jcassip@hp.com
Loutitia,Deveraux,ldeverauxiq@utexas.edu
Thorvald,Austwick,taustwickir@census.gov
Gabriella,Pellew,gpellewis@army.mil
Tadeas,De Malchar,tdemalcharit@github.io
Aleda,Adhams,aadhamsiu@dyndns.org
Kippar,Brain,kbrainiv@cdc.gov
Cecelia,Grahamslaw,cgrahamslawiw@sbwire.com
Dalenna,Custance,dcustanceix@shutterfly.com
Suzanna,Vinnick,svinnickiy@opensource.org
Ignazio,Crossby,icrossbyiz@amazonaws.com
Yank,Kalinowsky,ykalinowskyj0@comcast.net
Cyrille,Beagley,cbeagleyj1@nasa.gov
Krystalle,Mellody,kmellodyj2@fotki.com
Melessa,Dyke,mdykej3@sun.com
Annis,Dowson,adowsonj4@nytimes.com
Jimmie,Powell,jpowellj5@bloglines.com
Caz,Doud,cdoudj6@stanford.edu
Janaya,Denisevich,jdenisevichj7@twitter.com
Odetta,Checo,ochecoj8@marketwatch.com
Korella,Bycraft,kbycraftj9@hhs.gov
Papagena,De Laci,pdelacija@diigo.com
Clayborn,Blodgett,cblodgettjb@google.pl
Brigitte,Trewett,btrewettjc@weebly.com
Leon,Chastand,lchastandjd@weather.com
Darbee,Salvage,dsalvageje@eepurl.com
Ophelia,Twiggs,otwiggsjf@paypal.com
Willy,Thunnercliffe,wthunnercliffejg@yandex.ru
Morgana,Colville,mcolvillejh@geocities.com
Quincy,Piola,qpiolaji@sakura.ne.jp
Casi,Sammon,csammonjj@intel.com
Nikolia,Gouldthorp,ngouldthorpjk@cargocollective.com
Brian,Chippindall,bchippindalljl@networksolutions.com
Burty,Michelotti,bmichelottijm@shop-pro.jp
Tandy,Brokenshaw,tbrokenshawjn@squidoo.com
Mala,Cartner,mcartnerjo@google.com.br
Regine,Rutledge,rrutledgejp@bloglines.com
Ferdie,Mosdall,fmosdalljq@ftc.gov
Celestia,Seville,csevillejr@craigslist.org
Palm,Rayson,praysonjs@symantec.com
Darcie,Gatward,dgatwardjt@php.net
Jazmin,Pitney,jpitneyju@dailymail.co.uk
Brittne,Ranken,brankenjv@bloglovin.com
Ashlee,Popham,apophamjw@mlb.com
Arliene,Kees,akeesjx@paginegialle.it
Carey,Antonikov,cantonikovjy@icq.com
Faunie,Timny,ftimnyjz@cornell.edu
Corabelle,Peskett,cpeskettk0@storify.com
Hardy,Carnier,hcarnierk1@chron.com
Rurik,Stickells,rstickellsk2@npr.org
Alix,McKinn,amckinnk3@youtube.com
Allan,Begley,abegleyk4@g.co
Christa,Illingworth,cillingworthk5@indiatimes.com
Svend,Frazer,sfrazerk6@unc.edu
Fancie,Crocker,fcrockerk7@canalblog.com
Celestine,Lovegrove,clovegrovek8@engadget.com
Elmore,Clissett,eclissettk9@taobao.com
Stormie,Gepheart,sgepheartka@nih.gov
Claiborn,Eddicott,ceddicottkb@google.it
Normie,Burwell,nburwellkc@uiuc.edu
Berti,Aujean,baujeankd@ucoz.com
Alysia,Farnorth,afarnorthke@networkadvertising.org
Lonny,Whates,lwhateskf@arstechnica.com
Jorry,Garfitt,jgarfittkg@ifeng.com
Carey,Blinde,cblindekh@soundcloud.com
Ardyth,Doulton,adoultonki@salon.com
Morse,Groome,mgroomekj@4shared.com
Cathrin,Fortune,cfortunekk@nifty.com
Maegan,Elden,meldenkl@pbs.org
Merrick,Doveston,mdovestonkm@zdnet.com
Anna,Shelmardine,ashelmardinekn@apple.com
Nial,Bodleigh,nbodleighko@wikimedia.org
Fran,Lavielle,flaviellekp@apache.org
Derrik,Sambells,dsambellskq@nbcnews.com
Kiersten,Seals,ksealskr@seattletimes.com
Benedict,Larraway,blarrawayks@nature.com
Leeland,Vears,lvearskt@mediafire.com
Michael,Millis,mmillisku@cloudflare.com
Shalom,Joscelyne,sjoscelynekv@weather.com
Rozamond,Sterling,rsterlingkw@github.com
Sorcha,Liepina,sliepinakx@fastcompany.com
Nathan,Marjoribanks,nmarjoribanksky@tinypic.com
Elinore,Abendroth,eabendrothkz@google.fr
Simonette,Beenham,sbeenhaml0@cafepress.com
Arlinda,Ambrois,aambroisl1@scribd.com
Jamey,Benfield,jbenfieldl2@apple.com
Miquela,McKeurton,mmckeurtonl3@rakuten.co.jp
Magdaia,Linnit,mlinnitl4@desdev.cn
Meriel,Lante,mlantel5@imageshack.us
Bennett,Lucio,bluciol6@time.com
Tilda,Farland,tfarlandl7@woothemes.com
Cherye,Reubel,creubell8@ebay.co.uk
Othello,Wyndham,owyndhaml9@tripod.com
Gallard,Stamper,gstamperla@nih.gov
Neala,Pellamonuten,npellamonutenlb@earthlink.net
Romonda,Insoll,rinsolllc@i2i.jp
Emery,Stubley,estubleyld@zdnet.com
Bea,Daveley,bdaveleyle@360.cn
Vivien,Davidovici,vdavidovicilf@moonfruit.com
Rachael,Keeting,rkeetinglg@marriott.com
Ailis,Durram,adurramlh@pen.io
Leonard,Caverhill,lcaverhillli@tumblr.com
Stacie,Staneland,sstanelandlj@uol.com.br
Latashia,Hammerberg,lhammerberglk@reuters.com
Reena,Gosnold,rgosnoldll@blogs.com
Sib,Euler,seulerlm@stumbleupon.com
Dannie,Harlett,dharlettln@hao123.com
Freda,Gislebert,fgislebertlo@cpanel.net
Brooks,Sleford,bslefordlp@netlog.com
Kissee,Toal,ktoallq@marriott.com
Frederigo,Bougen,fbougenlr@cnn.com
Philbert,Redhole,predholels@photobucket.com
Abdul,Deevey,adeeveylt@upenn.edu
Evvie,Kinforth,ekinforthlu@purevolume.com
Johnny,Hawley,jhawleylv@sogou.com
Neddie,Fontell,nfontelllw@creativecommons.org
Clemmie,Pays,cpayslx@github.com
Marci,Panchen,mpanchenly@wufoo.com
Pamela,Biset,pbisetlz@woothemes.com
Charline,Tal,ctalm0@altervista.org
Gunter,O'Grada,gogradam1@time.com
Nannie,Warstall,nwarstallm2@blogspot.com
Kaile,Caldaro,kcaldarom3@infoseek.co.jp
Melonie,Cadwaladr,mcadwaladrm4@fotki.com
Walsh,Rouf,wroufm5@meetup.com
Faye,Dinnis,fdinnism6@time.com
Gradeigh,Gerholz,ggerholzm7@disqus.com
Adiana,Jepson,ajepsonm8@networksolutions.com
Abner,Yousef,ayousefm9@newyorker.com
Alf,Mangam,amangamma@omniture.com
Gabrila,Chellam,gchellammb@nifty.com
Kelsey,Feuell,kfeuellmc@bigcartel.com
Ervin,Zima,ezimamd@fc2.com
Fawne,Twinn,ftwinnme@seesaa.net
Kellyann,Gateshill,kgateshillmf@ebay.com
Gillan,Bredee,gbredeemg@marriott.com
Tatum,Treece,ttreecemh@earthlink.net
Simonne,Leasor,sleasormi@1688.com
Roxine,Deaves,rdeavesmj@jigsy.com
Cecilla,Ferreiro,cferreiromk@sitemeter.com
Vanny,Sitlinton,vsitlintonml@oakley.com
Urbanus,Cushworth,ucushworthmm@narod.ru
Georgeanna,D'Alesio,gdalesiomn@slate.com
Harlin,Messingham,hmessinghammo@networkadvertising.org
Care,Hassent,chassentmp@webs.com
Patrizio,Oby,pobymq@uol.com.br
Marleah,Jack,mjackmr@mayoclinic.com
Wait,Jenoure,wjenourems@un.org
Jacky,Bidwell,jbidwellmt@yellowpages.com
Glenden,Gauford,ggaufordmu@gizmodo.com
Ragnar,MacMaster,rmacmastermv@harvard.edu
Devlen,Nozzolinii,dnozzoliniimw@gizmodo.com
Adel,Meharg,amehargmx@opera.com
Matthaeus,Somes,msomesmy@about.me
Tania,Millwall,tmillwallmz@amazon.com
Corella,Bampforth,cbampforthn0@howstuffworks.com
Rudy,Lindup,rlindupn1@disqus.com
Lucina,MacSween,lmacsweenn2@miibeian.gov.cn
Mariann,Warrilow,mwarrilown3@webnode.com
Julieta,Checchi,jchecchin4@4shared.com
Lindsy,Davidow,ldavidown5@home.pl
Oswald,Bolino,obolinon6@slashdot.org
Athena,Milnthorpe,amilnthorpen7@ycombinator.com
Derward,Pithie,dpithien8@jalbum.net
Grace,Duiged,gduigedn9@rakuten.co.jp
Jade,Mathan,jmathanna@networkadvertising.org
Kerri,Rickeard,krickeardnb@webs.com
Kellen,Symon,ksymonnc@bbb.org
Elizabeth,Fucher,efuchernd@time.com
Robinett,Tough,rtoughne@ox.ac.uk
Bradley,Spiby,bspibynf@scribd.com
Consuelo,Vasovic,cvasovicng@baidu.com
Zita,Fellgatt,zfellgattnh@1688.com
Toinette,Kunes,tkunesni@delicious.com
Ginelle,Mitchenson,gmitchensonnj@mashable.com
Raffaello,Biasio,rbiasionk@kickstarter.com
Peterus,Brimmacombe,pbrimmacombenl@un.org
Terri,Belcham,tbelchamnm@etsy.com
Arabelle,Ayto,aaytonn@cloudflare.com
Kimberley,Ortells,kortellsno@hp.com
Elizabeth,Obey,eobeynp@goo.ne.jp
Corney,de Mullett,cdemullettnq@marketwatch.com
Anderson,Popping,apoppingnr@ning.com
Sarene,Slowan,sslowanns@angelfire.com
Kiley,Kleinplatz,kkleinplatznt@cpanel.net
Cesya,Knappitt,cknappittnu@blogspot.com
Tibold,Hamlyn,thamlynnv@imgur.com
Christopher,Wooff,cwooffnw@csmonitor.com
Donalt,Pucker,dpuckernx@ehow.com
Kristal,Vasse,kvasseny@360.cn
Rockie,Oliva,rolivanz@admin.ch
Clementius,Gammet,cgammeto0@rakuten.co.jp
Lina,Beert,lbeerto1@unc.edu
Paul,Bedells,pbedellso2@woothemes.com
Herby,Gaiter,hgaitero3@xinhuanet.com
Pryce,Tweedlie,ptweedlieo4@statcounter.com
Daryn,Caudrey,dcaudreyo5@fc2.com
Percival,Vasey,pvaseyo6@free.fr
Corbie,Drewson,cdrewsono7@mapy.cz
Amargo,Ormonde,aormondeo8@jugem.jp
Allegra,De la Yglesia,adelayglesiao9@tumblr.com
Evanne,Soeiro,esoeirooa@tinyurl.com
Scarface,Philippeaux,sphilippeauxob@soundcloud.com
Mohandas,Drummond,mdrummondoc@yandex.ru
Breena,Oldis,boldisod@imdb.com
Ewell,Gwatkins,egwatkinsoe@myspace.com
Lesli,Galley,lgalleyof@who.int
Skye,Jurisic,sjurisicog@yellowbook.com
Clementius,Delacour,cdelacouroh@bloglovin.com
Jocko,Brachell,jbrachelloi@mayoclinic.com
Agnella,Kibbel,akibbeloj@wordpress.com
Elvira,Wotton,ewottonok@chicagotribune.com
Tani,Trevascus,ttrevascusol@cbc.ca
Minette,Coulman,mcoulmanom@businessinsider.com
Rand,Adshed,radshedon@apple.com
Gherardo,Gomersal,ggomersaloo@archive.org
Keely,Spiniello,kspinielloop@blogs.com
Law,Coppo,lcoppooq@irs.gov
Chryste,Cosin,ccosinor@state.tx.us
Lynne,O'Kane,lokaneos@imgur.com
Donetta,Domotor,ddomotorot@xinhuanet.com
Allyce,Lammie,alammieou@ucoz.ru
Chevy,Fretson,cfretsonov@tinyurl.com
Sarge,Glewe,sgleweow@bloomberg.com
Lotti,Pound,lpoundox@gnu.org
Harli,Seligson,hseligsonoy@sfgate.com
Orelia,Crowthe,ocrowtheoz@theglobeandmail.com
Danell,Broxup,dbroxupp0@nature.com
Ulrica,Blant,ublantp1@google.pl
Bee,McCheyne,bmccheynep2@springer.com
Dynah,Paolotto,dpaolottop3@hp.com
Anatole,Eilhertsen,aeilhertsenp4@tripod.com
Faith,Pawlowicz,fpawlowiczp5@cdbaby.com
Sven,Congreve,scongrevep6@guardian.co.uk
Farra,Doles,fdolesp7@storify.com
Emlynne,Simister,esimisterp8@list-manage.com
Gonzalo,Rubes,grubesp9@tamu.edu
Anatol,Hallas,ahallaspa@clickbank.net
Rodrigo,O'Fielly,rofiellypb@pinterest.com
Ingar,Leversha,ilevershapc@studiopress.com
Marquita,Barette,mbarettepd@google.cn
Valentina,Stockau,vstockaupe@google.co.jp
Monro,Marcone,mmarconepf@is.gd
Nesta,Schenkel,nschenkelpg@alexa.com
Hedwig,Cheatle,hcheatleph@army.mil
Carlyle,Iacomini,ciacominipi@smugmug.com
Rona,Gooders,rgooderspj@dyndns.org
Kristin,Walthew,kwalthewpk@opera.com
Augy,Lemoir,alemoirpl@theguardian.com
Kenny,Battelle,kbattellepm@bloglovin.com
Zea,Grocock,zgrocockpn@ibm.com
Tanhya,Parncutt,tparncuttpo@devhub.com
Sumner,Matson,smatsonpp@ow.ly
Shara,Frobisher,sfrobisherpq@sakura.ne.jp
Dotti,Yardy,dyardypr@delicious.com
Renata,Sharma,rsharmaps@goo.gl
Bernadina,Ebbrell,bebbrellpt@census.gov
Keriann,Naismith,knaismithpu@bbc.co.uk
Marjory,MacConnell,mmacconnellpv@usnews.com
Phebe,Dayer,pdayerpw@mozilla.com
Jerrold,Kearley,jkearleypx@slideshare.net
Jarad,MacHarg,jmachargpy@businesswire.com
Jilli,Bonelle,jbonellepz@woothemes.com
Daron,Rosenkranc,drosenkrancq0@ucoz.ru
Teddy,Joan,tjoanq1@google.com.hk
Delmore,Aveling,davelingq2@t.co
Hermon,Beglin,hbeglinq3@admin.ch
Minerva,Truder,mtruderq4@weebly.com
Maryjane,Aiton,maitonq5@reuters.com
Amara,Handrahan,ahandrahanq6@reference.com
Nadean,Kilmister,nkilmisterq7@usa.gov
Catlin,Bouchard,cbouchardq8@mail.ru
Ernest,Gosson,egossonq9@yellowpages.com
Nichol,Latus,nlatusqa@feedburner.com
Verena,Oulet,vouletqb@mediafire.com
Morey,Colt,mcoltqc@multiply.com
Devlen,Neaverson,dneaversonqd@ocn.ne.jp
Elysha,Jacobowits,ejacobowitsqe@ovh.net
Lilli,Sanper,lsanperqf@omniture.com
Randie,Battaille,rbattailleqg@furl.net
Aliza,Quadri,aquadriqh@hubpages.com
Henderson,Isacoff,hisacoffqi@skyrock.com
Caitrin,Mottershaw,cmottershawqj@ocn.ne.jp
Karita,Bagby,kbagbyqk@unblog.fr
Tansy,MacCartan,tmaccartanql@etsy.com
Adam,Stoyle,astoyleqm@apache.org
Alethea,Purle,apurleqn@ed.gov
Luisa,Londesborough,llondesboroughqo@wix.com
Field,Glyssanne,fglyssanneqp@businessinsider.com
Delilah,Fransseni,dfransseniqq@furl.net
Wiley,Darnody,wdarnodyqr@archive.org
Winonah,Gillespey,wgillespeyqs@t-online.de
Willie,Standon,wstandonqt@narod.ru
Vivienne,Burburough,vburburoughqu@umich.edu
Cally,Knock,cknockqv@lycos.com
Kate,Ricoald,kricoaldqw@example.com
Danica,Gonsalo,dgonsaloqx@w3.org
Gardie,Loughton,gloughtonqy@miibeian.gov.cn
Aila,Healey,ahealeyqz@cdc.gov
Max,Capner,mcapnerr0@paginegialle.it
Yance,Sabater,ysabaterr1@hud.gov
Blakeley,Lages,blagesr2@mashable.com
Jeannie,Whellans,jwhellansr3@europa.eu
Uri,Bangs,ubangsr4@cbc.ca
Husain,Milburne,hmilburner5@drupal.org
Pam,Mc Queen,pmcqueenr6@unblog.fr
Nana,Glanfield,nglanfieldr7@webs.com
Bevon,Vanyushin,bvanyushinr8@biglobe.ne.jp
Melodie,Trymme,mtrymmer9@imdb.com
Melantha,Trillo,mtrillora@livejournal.com
Reinaldos,Manz,rmanzrb@goodreads.com
Rebe,Simonsen,rsimonsenrc@imdb.com
Sumner,Lanfear,slanfearrd@webmd.com
Garland,Ferraresi,gferraresire@msn.com
Giulietta,Bigby,gbigbyrf@seattletimes.com
Loralie,McEntee,lmcenteerg@webeden.co.uk
Doretta,Boner,dbonerrh@networkadvertising.org
Cathryn,Bartleman,cbartlemanri@fastcompany.com
Osmond,Wrench,owrenchrj@yellowbook.com
Merle,Werendell,mwerendellrk@ning.com
Brody,Mauro,bmaurorl@mapy.cz
Tamera,Haglington,thaglingtonrm@fema.gov
Celestyn,Kilgallen,ckilgallenrn@nbcnews.com
Caroline,Brandom,cbrandomro@4shared.com
Cass,Balser,cbalserrp@berkeley.edu
Alethea,Giacomuzzi,agiacomuzzirq@pbs.org
Dexter,Casier,dcasierrr@nih.gov
